INDEX,Name,Age,Country,Height,Hair_Colour
1,Anthony Gentry,49,Qatar,162,Black
2,Marcia Jones,75,Ireland,186,Dyed
3,James Patch Walker Willis,18,Kiribati,166,Ginger
4,Vickie White,42,Colombia,160,Blonde
5,Dwayne Peterson,70,Uzbekistan,142,Dyed
6,Rose Rubottom,79,Poland,141,White
7,Thomas Salas,30,Mali,156,Black
8,Xiao Uong,41,Andorra,159,Blonde
9,Lakisha Stewart,48,Central_African_Rep,182,Blonde
10,Claire Nunes,43,Senegal,171,Black
11,Cheryl Person,73,Cuba,155,Blonde
12,Tina Mesiti,27,China,147,Black
13,James Santos,33,Estonia,143,White
14,Chester Bradshaw,28,Eritrea,182,Blonde
15,Dale Mitchell,78,Viet_Nam,162,Ginger
16,Rodney Chesney,56,Bhutan,153,Ginger
17,Margaret Anderson,48,Viet_Nam,194,Blonde
18,Richard Chung,21,Comoros,188,Black
19,Kathleen Mcreynolds,26,Samoa,193,Blonde
20,Larry Mitchell,66,Vatican_City_State,190,Blonde
21,Cassie Smith,69,Yugoslavia,163,Black
22,John Pigg,23,Panama,144,Brown
23,Jeffrey Hood,69,Afghanistan,147,Black
24,Darryl Crews,67,Puerto_Rico,151,Ginger
25,Nina Simonson,71,Czech_Republic,179,Dyed
26,Eula Mainor,56,Anguilla,186,Ginger
27,Brian Josephs,25,New_Zealand,190,White
28,Mary Petersen,34,Monaco,149,White
29,Lahoma Martinez,79,Trinidad_And_Tobago,171,Brown
30,Stella Geiger,58,Netherlands,188,Black
31,Marina Bodie,29,Cuba,198,Brown
32,Priscilla Johnson,43,Lebanon,181,Blonde
33,Eric Farris,49,Canada,150,Brown
34,Javier Fischer,36,Tokelau,177,Blonde
35,Murray Carl,32,Montserrat,167,Blonde
36,Robert Hardy,23,Norfolk_Island,186,Brown
37,Stephan Butler,40,Philippines,159,White
38,Teresa Ortiz,59,Tanzania,143,Blonde
39,Douglas Brubaker,38,Georgia,175,Black
40,Carmen Kleffman,66,Ethiopia,161,Black
41,Frederick Avery,46,Djibouti,180,White
42,Tracy Briggs Johnson Carver,82,Togo,171,White
43,Janet Ramirez,78,St_Vincent/Grenadines,178,White
44,Ronald Henriquez,41,Cote_D`ivoire,152,Black
45,Olive Powell,45,Ireland,159,Black
46,Brian Medez,21,Seychelles,189,Black
47,David Sanchez,82,Malaysia,196,White
48,Jacqueline Rayford,44,Germany,180,White
49,Margery Jeffords,49,Djibouti,191,Black
50,Teresa Self,85,Cameroon,153,Black
51,Maria Turcotte,53,Trinidad_And_Tobago,161,Black
52,Stephen Chipman,46,Argentina,200,White
53,Jose Martin,72,Macedonia,173,Black
54,Nona Dorrance,71,Somalia,151,Ginger
55,Nadine Subido,46,Lithuania,152,Blonde
56,Tiffani Nielsen,84,Saint_Lucia,191,Black
57,Andre Smith,81,Taiwan,197,Blonde
58,Janet Zenger,42,Bouvet_Island,164,Dyed
59,Joe Collins,65,Comoros,145,Black
60,Sean Lomas,79,Somalia,174,Black
61,Rebecca Asuncion,74,United_Kingdom,145,Brown
62,Richard Sampson,76,Israel,168,Black
63,Joseph Minard,31,Barbados,159,Blonde
64,Jesse Harvilla,87,Solomon_Islands,155,Blonde
65,Lena Leach,35,Marshall_Islands,194,Ginger
66,Cassandra Keef,65,Iran,178,Brown
67,Ronald Weeks,76,Singapore,164,Brown
68,Myrna Hague,63,Bulgaria,154,Brown
69,Kristina Johnson,18,Kenya,188,Ginger
70,Timothy Baker,60,Portugal,197,Dyed
71,Marry Terry,72,Monaco,200,Blonde
72,Luis Jenkins,23,Poland,196,Black
73,Minnie Marsh,21,Ecuador,186,Brown
74,Richard Pittsley,44,Italy,183,Brown
75,Scott May,82,Tuvalu,180,White
76,Roberta Owens,33,Libya,176,Blonde
77,Patricia Smith,27,Algeria,180,White
78,Damon Rambo,38,Sweden,157,Ginger
79,Phyllis Smith,60,Yugoslavia,166,Brown
80,Curtis Sublett,80,Comoros,177,Dyed
81,Lois Faines,72,Korea_(North),172,Dyed
82,Melinda Johnston,48,Korea_(North),180,Black
83,Charlie Johnson,76,Gambia,181,Black
84,Betty Huey,56,Falkland_Islands_(Malvinas),176,Dyed
85,Carl Wolfe,52,Antarctica,163,Ginger
86,Donald Schuelke,19,New_Caledonia,159,Brown
87,Frederick Ferguson,45,Sweden,182,Dyed
88,Ruby Medina,35,Algeria,198,Brown
89,Eva Rhudy,60,Cyprus,188,Black
90,Maida Patterson,26,Botswana,200,Brown
91,Carrie Traynor,51,Lithuania,196,Black
92,Howard Olson,85,Czech_Republic,199,Brown
93,Victor Vuong,72,Sierra_Leone,196,Black
94,Olivia Robertson,39,Thailand,157,Blonde
95,Robert Speight,79,Dominica,146,Brown
96,Paul Conklin,24,Latvia,194,Blonde
97,Mary Martin,28,Sao_Tome,199,Brown
98,Philip Mauk,65,Iraq,171,Black
99,Ruby Campbell,68,Cote_D`ivoire,188,White
100,Robert Cromwell,24,Pitcairn,168,Brown
101,Jordan Jordan,75,Jordan,171,Brown
102,Dennis Moreno,39,Tokelau,164,Ginger
103,Charles Hall,65,Guadeloupe,140,Brown
104,Thomasina Villalva,35,Liechtenstein,144,Black
105,Michael Naegeli,85,Canada,175,Brown
106,Donald Harrison,58,Botswana,155,Black
107,Earlene Carothers,84,Lithuania,153,Dyed
108,Thomas Clyne,78,Faroe_Islands,179,White
109,Mary Boulware,28,Thailand,169,White
110,Edward Harrison,82,Djibouti,168,Black
111,Alice Carlos,23,Gambia,177,White
112,Karen Slaugh,81,Belarus,191,Blonde
113,James Ford,57,Greenland,196,Black
114,Glenn Pearson,65,Korea_(North),199,Ginger
115,Mary Grigsby,63,Nigeria,171,Brown
116,Michael Lord,27,Western_Sahara,186,White
117,Richard Ward,61,Niger,172,White
118,Shirley Norris,19,Dominica,146,Brown
119,Roderick Williams,55,Kenya,159,White
120,Eva Barkley,66,Virgin_Islands_(British),182,White
121,Alice Dubois,69,Afghanistan,156,Black
122,Harold Strickland,43,Libya,162,Black
123,Ida Kitsmiller,84,Afghanistan,182,Brown
124,Sheri Nash,86,Norway,148,White
125,Leigh Umanzor,70,Portugal,195,Brown
126,Kendra Prior,22,Kyrgyzstan,187,Brown
127,Edwin Strand,43,Togo,168,Blonde
128,Matthew Hensel,76,East_Timor,181,Blonde
129,Joseph Luongo,33,Cameroon,198,Black
130,John Garrett,46,Congo,179,White
131,Tina Grim,73,Brazil,140,Ginger
132,Lillian Oneal,54,Lesotho,200,Black
133,David Gil,20,France,198,White
134,Lee Douglas,70,Vanuatu,143,Black
135,Billy Johnson,36,Guatemala,176,Black
136,Theresa Ray,56,Northern_Mariana_Islands,143,Brown
137,Gene Walker,56,Solomon_Islands,159,White
138,Kevin Moody,77,Faroe_Islands,200,White
139,Karen Garza,71,Italy,188,Ginger
140,Lynnette Hardin,54,Macau,199,White
141,Joseph Sanderson,69,Taiwan,191,Black
142,Roberto Zirin,80,New_Zealand,174,Brown
143,Beverly Booth,74,Bahrain,183,Black
144,Diane Herron,48,Nicaragua,182,Black
145,John Newman,62,Sao_Tome,169,Brown
146,Mary Meredith,82,Nauru,192,White
147,Leon Werley,76,Norway,180,Brown
148,Sina Willis,53,Japan,184,White
149,Darin Taylor,26,Cyprus,195,Black
150,Norman Brown,37,Ghana,157,White
151,Ronnie Thompson,38,Libya,200,Blonde
152,Linda Whitehair,40,Iraq,144,Ginger
153,Derek Beavers,24,Singapore,153,Dyed
154,Shari Baskerville,67,Netherlands,143,Black
155,Carson Mayorga,24,Lithuania,183,White
156,Jared Sortore,31,Belgium,187,Black
157,Samuel Carlo,52,Chad,199,Ginger
158,Cindy Jones,55,Anguilla,186,Brown
159,Dominique Beard,32,Liechtenstein,186,Blonde
160,Melanie Meza,64,Netherlands,186,Blonde
161,Barbara Magnuson,75,Rwanda,198,White
162,Stephen Moran,67,Senegal,172,Black
163,Daniel Stavnes,86,Ethiopia,174,White
164,Traci Kowis,42,Sweden,191,White
165,Brain Stegall,34,Greece,142,Black
166,Paul Trout,32,Kiribati,175,White
167,Paul Gagne,73,Yugoslavia,194,Brown
168,Shirley Garcia,22,Bosnia_And_Herzegowina,183,Brown
169,Rose Freas,70,Qatar,178,Black
170,Pedro Beebe,28,Slovenia,186,Blonde
171,Elbert Johnson,63,Brunei_Darussalam,188,Ginger
172,Dwayne Duffey,87,Slovakia,151,Black
173,Lillie Brown,43,Anguilla,148,Blonde
174,James Wilbanks,86,Mauritania,170,Blonde
175,Tasha Rigdon,45,Afghanistan,196,Black
176,Mae Ayala,27,Czech_Republic,151,Black
177,Shelia Atkins,85,Spain,167,Black
178,Deborah Smith,78,Guadeloupe,156,Ginger
179,Estella Rhodes,20,Falkland_Islands_(Malvinas),142,White
180,Carrie Ulrich,42,Ethiopia,149,White
181,Jennifer Hartwig,29,Tokelau,189,Brown
182,Sherry Antonio,39,Bahrain,193,Ginger
183,Paul Johnson,81,Korea_(North),188,White
184,Gerald Stremming,74,Bouvet_Island,154,White
185,Collin Mccalla,49,Cocos_Islands,160,Ginger
186,Robert Sandvik,60,Thailand,156,Blonde
187,Anthony Davila,60,Nauru,150,White
188,Deborah Anderson,31,St.Pierre,166,Blonde
189,Delores Ruiz,28,Malawi,171,Ginger
190,Julio Evans,62,Afghanistan,178,Black
191,Michael Beech,48,Macedonia,158,Brown
192,Sean Barriere,41,Haiti,176,Black
193,Alfredo Richardson,22,Papua_New_Guinea,142,Blonde
194,David Medina,79,Nauru,147,Blonde
195,Juan Allen,46,Costa_Rica,179,Blonde
196,Isabel Burton,23,Iran,157,White
197,Terrell Mcglothin,69,Tanzania,170,Blonde
198,Gregory Wilken,66,Dominica,157,Brown
199,Vera Espinosa,80,Cyprus,177,Brown
200,Bettie Branch,51,Bouvet_Island,168,Black
201,Jenny Turner,70,Ghana,196,Black
202,Guillermo Mills,34,Niue,183,Black
203,Belen Garza,87,Czech_Republic,161,Blonde
204,Larry Bradley,51,Congo,145,Black
205,Scott Thibodeaux,54,Macedonia,153,Blonde
206,Larry Davis,71,Benin,192,White
207,Donald White,50,Sao_Tome,182,Black
208,Rita Carstarphen,77,Western_Sahara,147,Black
209,Betty Tierney,37,Cuba,151,White
210,Sandy Encino,72,Somalia,195,Black
211,Andrea Flanagan,60,Kenya,171,Dyed
212,Christin Prouty,25,Viet_Nam,180,Blonde
213,James Gore,24,Mauritius,143,White
214,Jesse Hinojosa,86,Samoa,191,Brown
215,Linda Lenigan,57,Georgia,150,Black
216,Holly Morris,25,Lesotho,150,Dyed
217,Clarice Mcneil,64,French_Guiana,161,Ginger
218,Melody Roberts,29,Macedonia,152,Black
219,Michael Calhoun,40,Solomon_Islands,192,Dyed
220,Marilyn Smith,39,Georgia,164,Blonde
221,Holly Lopez,70,Switzerland,150,Black
222,Corrin Bowden,67,Georgia,142,Black
223,Lucille Gilliam,39,Bolivia,200,White
224,Natalia Rincon,40,Zaire,154,Blonde
225,Eddie William,68,Australia,188,Dyed
226,Socorro Franzoni,63,Hong_Kong,171,White
227,Ralph Torres,38,Benin,157,Blonde
228,Maria Lampkin,61,Guatemala,154,Brown
229,Edward Hedges,44,Kenya,175,Dyed
230,Dorothy Bolden,20,Lebanon,169,Brown
231,Nicholas Curry,31,New_Zealand,150,Black
232,Timothy Ault,73,Eritrea,154,Black
233,Fatima Ketcher,46,Lithuania,196,Ginger
234,Thomas Ridgeway,56,Belize,182,Black
235,Jon Bushey,74,France,155,Black
236,Dewayne Freeman,40,Mali,170,Brown
237,Lindsey Henson,86,Japan,177,White
238,Santina Stiff,77,Belgium,144,Blonde
239,Carrie Brown,86,Italy,186,Ginger
240,Pauline Jones,54,Antigua_And_Barbuda,164,Blonde
241,Kim Novak,18,Pakistan,179,White
242,Terry Steppe,74,Chad,196,Brown
243,Katie Charley,38,Cuba,154,Black
244,Susan Cox,64,Botswana,151,Blonde
245,Jennie Williams,62,Gabon,189,Blonde
246,Lowell Schultz,33,Tajikistan,193,Brown
247,James Hatton,33,Guatemala,200,White
248,Frank Nance,21,Austria,165,White
249,Ellis Williams,67,Saudi_Arabia,157,Black
250,John Phillips,36,Luxembourg,171,Brown
251,Robin Scott,44,Lebanon,144,Dyed
252,Loren Yao,42,East_Timor,197,Brown
253,Charles Schaich,62,Luxembourg,192,Black
254,Ismael Mong,70,Costa_Rica,198,Brown
255,Carolyn Lehman,82,Cyprus,162,Ginger
256,Ken Whitmire,64,Georgia,144,Black
257,Louis Flores,64,St._Helena,160,Blonde
258,Sharon Foster,52,Jamaica,165,Brown
259,Amanda Matheson,58,Western_Sahara,196,Ginger
260,Christopher Hooten,43,Gambia,171,Ginger
261,Jodi Danforth,75,Marshall_Islands,154,Dyed
262,Eddie Bibbs,49,Malta,195,Blonde
263,John Wright,84,East_Timor,197,Blonde
264,Keith Hampton,30,Anguilla,173,Black
265,Deborah Sigler,36,Kazakhstan,167,Black
266,Kimberly Carson,43,East_Timor,198,Black
267,Maurice Butler,55,Greenland,164,Brown
268,Susan Rosier,47,Kazakhstan,189,Blonde
269,Winston Davin,73,Western_Sahara,177,Ginger
270,Toni Demarest,35,Niue,197,Blonde
271,Brittany Mayer,60,France,152,Black
272,Jeannette Hadley,79,Guadeloupe,179,Black
273,Marvin Cordell,25,Cayman_Islands,159,Dyed
274,Joseph Smith,48,Venezuela,193,Black
275,Marsha Toney,52,Cocos_Islands,176,Black
276,Christy Gliem,33,Azerbaijan,184,Brown
277,Bruce Spain,69,Indonesia,181,Blonde
278,Donald Graves,22,Egypt,161,Brown
279,Trevor Ramirez,43,Lebanon,195,Black
280,Lenora Vastardis,79,Trinidad_And_Tobago,171,Ginger
281,Stacey Boone,72,Bangladesh,200,Blonde
282,Michael Massanelli,54,Austria,163,Blonde
283,Tracy Puga,80,Sao_Tome,157,Black
284,Darlene Collins,82,El_Salvador,165,Black
285,Brenda Kelley,26,Anguilla,161,Ginger
286,Angeles Kirtley,51,Zambia,182,Black
287,Shawnna Lewis,32,Guinea-bissau,150,Black
288,Phillip Jordan,29,Kazakhstan,177,Ginger
289,Jennifer Silkwood,32,Montserrat,195,Blonde
290,Jose Oberley,35,Kazakhstan,152,Black
291,Lois Poyner,60,Ireland,194,Brown
292,Thomas Hudson,21,Comoros,182,Black
293,Ezra Ayers,81,Saint_Lucia,186,White
294,Hershel Willis,25,French_Polynesia,186,Dyed
295,Thomas Torres,58,French_Polynesia,157,Black
296,Kory White,55,Bhutan,140,White
297,Lanny Wilke,28,Botswana,159,Ginger
298,Minnie Pecanty,49,Pakistan,196,Black
299,Debbie Lynch,62,Iran,163,Brown
300,Martha Campbell,53,Peru,165,Blonde
301,Christopher Ferland,86,Tuvalu,196,Black
302,Dorothy Rivera,48,Bermuda,171,Brown
303,David Yarberry,80,Faroe_Islands,193,White
304,Dorothy Garcia,49,Mali,160,Ginger
305,Charles Agudo,81,Morocco,140,Black
306,Nicole Mclean,79,Philippines,183,Ginger
307,Willie Jones,24,Macau,157,Blonde
308,David Dalton,25,Netherlands_Antilles,142,Brown
309,Gina Maring,43,Antigua_And_Barbuda,175,Blonde
310,Kathy Birch,84,Guatemala,169,Black
311,Mindy Betts,65,Hong_Kong,194,Blonde
312,Brenda Owen,64,Equatorial_Guinea,157,Black
313,Johnathon Diaz,62,Guyana,141,Black
314,Lucia Stokes,29,Andorra,162,Blonde
315,Kenneth Speaks,39,Greenland,161,Brown
316,Lisa Backus,53,Russian_Federation,184,Blonde
317,Roland Kilpatrick,23,Senegal,178,Blonde
318,Tiffany Wilson,70,Angola,152,Blonde
319,William Townsend,25,Djibouti,160,White
320,Jason Cumming,87,Belarus,150,White
321,Callie Hakimian,78,Cameroon,198,Brown
322,Fred Danker,38,Comoros,164,Black
323,Lai Gonzalez,71,Senegal,144,Black
324,William Welch,50,Maldives,148,Blonde
325,Ruth Fowler,87,Armenia,179,Blonde
326,Penny Currier,70,Hungary,177,Dyed
327,Nicole Senz,61,Chile,174,White
328,Michael Mitchell,38,Poland,152,Black
329,Carl Lewis,45,Cayman_Islands,179,Ginger
330,Thomas Taylor,53,Brazil,184,White
331,Everett Burhans,86,Bolivia,148,Black
332,Patrick Taylor,58,Turkey,168,Blonde
333,Marie Camel,62,Grenada,171,Black
334,Min Baridon,25,Nauru,161,Dyed
335,Peggy Cross,69,Azerbaijan,187,Brown
336,Brittney Smith,68,Panama,191,Black
337,John Moro,32,Chile,174,Black
338,Christy Goodwin,65,Korea_(South),151,Ginger
339,Maria Lytch,80,Austria,194,Black
340,Andrew Hopson,20,Estonia,152,White
341,Raymond Kleman,74,Turkey,147,White
342,Mary Rudish,36,Eritrea,169,Brown
343,Evelyn Graf,65,Croatia,195,Black
344,Clifford Domhoff,59,Angola,150,Black
345,Cecilia Maxwell,54,French_Polynesia,168,Blonde
346,Doreen Barger,71,American_Samoa,161,White
347,Kenneth Rathbun,20,Mauritius,161,Brown
348,Ben Wenstrom,26,Iceland,193,Black
349,Carole Rosario,87,Guatemala,170,Brown
350,Tom Hartman,47,Brunei_Darussalam,174,Black
351,Marcia Nieves,65,Syrian_Arab_Republic,143,Blonde
352,Gary Tunstall,44,United_States,162,Brown
353,Jean Hinds,48,Bhutan,150,Black
354,Wesley Polowy,54,South_Africa,186,Black
355,Dwight King,71,Western_Sahara,168,Ginger
356,Eric Cunningham,75,Thailand,184,Blonde
357,Barbara Ward,69,Yugoslavia,176,Black
358,William White,77,Guinea-bissau,145,Dyed
359,Mark Crowe,46,Denmark,160,Blonde
360,Robert Smith,74,Angola,155,Black
361,Jamie Hickman,87,El_Salvador,150,White
362,John Bittner,61,Dominica,150,Black
363,Michael Wolfe,23,Madagascar,156,White
364,Nelda Wellman,67,Uruguay,140,Blonde
365,Phillip Eppinger,19,Japan,182,Black
366,Claude Papay,86,Turkmenistan,183,Black
367,Eva Himes,37,Macedonia,196,Brown
368,Laura Vann,33,Yemen,149,Blonde
369,Eric Sweeney,19,Sierra_Leone,170,Ginger
370,Mickey Pulliam,51,Yemen,178,Blonde
371,Patrick Aderholt,54,Saint_Kitts_And_Nevis,178,Blonde
372,Amy Griffin,30,Oman,163,Blonde
373,John Turner,82,Benin,151,Black
374,Margo Blankenship,18,Guatemala,185,Ginger
375,John Goldberg,38,Sudan,144,Blonde
376,Nancy Brown,74,Mozambique,153,White
377,Joseph Delfin,48,Madagascar,141,Black
378,Mary Nostrand,35,Botswana,191,Brown
379,Rose Wendel,81,Cayman_Islands,184,Black
380,Shanell Turrentine,81,Faroe_Islands,147,Blonde
381,David Seiler,38,Estonia,174,Blonde
382,Lavonne Leftwich,63,Indonesia,191,Dyed
383,Delilah Rodriguez,29,Japan,177,Brown
384,Lily Kelly,22,Norway,156,Black
385,Angelia Mcmullen,32,Qatar,158,Blonde
386,Gerald Larez,30,Australia,199,Dyed
387,Kim Hill,77,Ghana,178,Ginger
388,Cristopher Sawtelle,20,Laos,164,Black
389,Ann Brookshire Willsworth Swain,71,New_Zealand,189,White
390,Kaitlyn Short,54,Azerbaijan,183,Dyed
391,Jorge Ringel,18,Estonia,142,Black
392,John Clark,31,Equatorial_Guinea,156,White
393,Frances Tant,27,Slovakia,185,Blonde
394,Grace Davis,40,Japan,183,White
395,Felipe Bagwell,23,Mali,188,Black
396,William Garza,30,Uruguay,165,Ginger
397,John Clark,28,American_Samoa,149,Black
398,Mike Hunt,45,Mexico,144,White
399,Debra Fox,68,American_Samoa,187,Brown
400,Steve Keister,43,Algeria,153,Blonde
401,Jackie Gauvin,39,Botswana,151,Black
402,Frank Brown,83,Spain,184,Brown
403,Terrell Peters,57,Saudi_Arabia,157,Ginger
404,Lawrence Harjo,59,Belgium,142,Blonde
405,Allison Urias,68,Armenia,191,Dyed
406,Betty Thornton,23,Gibraltar,162,Black
407,Gerri Pierce,72,Taiwan,186,Black
408,Sheila Edwards,54,Finland,146,Brown
409,Raul Capps,19,San_Marino,159,Brown
410,Wanda Stpeter,74,Cote_D`ivoire,164,Blonde
411,Jonathan Reese,26,Senegal,148,Dyed
412,Tammy Ogle,41,Guinea,166,Black
413,Orlando Hamilton,27,Sierra_Leone,190,Black
414,Carol Stalker,56,Montserrat,191,White
415,Anita Johanson,79,Cape_Verde,190,Ginger
416,Mattie Bishop,49,Mozambique,196,Brown
417,Robert Antolin,45,Azerbaijan,142,White
418,Robert Tressler,69,Zimbabwe,167,Black
419,Marvin Salazar,19,Romania,198,Blonde
420,Arthur Heisserer,55,Cuba,198,Black
421,Lauren Luallen,28,Zambia,178,White
422,Shannon Brown,77,Denmark,153,Black
423,Jeremy Faiella,68,Netherlands_Antilles,157,Blonde
424,Gerald Blumenfeld,37,St._Helena,143,Ginger
425,Dennis Thomas,42,Mayotte,144,White
426,Joe Martin,86,Kiribati,181,Brown
427,Adam Wilson,72,Ethiopia,186,Brown
428,Natasha Rosas,80,Russian_Federation,195,Blonde
429,Jeff Craig,87,Guyana,174,Blonde
430,Alex Griffith,54,Western_Sahara,176,Black
431,Rose Wharton,33,Bouvet_Island,146,Black
432,Randy Miller,80,Iraq,157,Blonde
433,Lisa Godeaux,53,Nigeria,196,White
434,Robert Beasley,24,Lesotho,160,White
435,Maryanne King,70,Uzbekistan,165,Dyed
436,James Davis,72,Equatorial_Guinea,156,Black
437,George Livley,46,Mauritius,177,Ginger
438,Stephanie Wlodarek,46,Sudan,183,White
439,Jonathan Martin,82,Mozambique,181,Black
440,Kasey Oshea,46,Solomon_Islands,196,Black
441,Linda Willert,57,St._Helena,186,Ginger
442,Christina Stevenson,46,Cuba,140,Brown
443,Fay Geiger,33,Cocos_Islands,162,Dyed
444,Linda Rigel,76,Guam,170,White
445,Roy Napier,87,New_Zealand,162,Blonde
446,Kenneth Bean,24,Monaco,151,White
447,Michael Fleming,65,Egypt,164,White
448,John Lewis,71,Korea_(North),188,Blonde
449,Carlos Ashley,46,Mozambique,168,Black
450,Gina Beliles,77,Slovakia,151,Black
451,Cynthia Shaw,44,Nigeria,165,Blonde
452,Douglas Melton,26,Cuba,187,Black
453,Travis Rosario,76,Antarctica,164,White
454,Jennifer England,40,Indonesia,189,White
455,Rhonda Barr,43,Thailand,149,Blonde
456,Elizabeth Sanders,81,Thailand,175,Blonde
457,Robert Ray,85,Finland,188,Black
458,Dominic Vassallo,57,Iceland,192,Dyed
459,Cornelia Baldwin,81,Togo,169,Ginger
460,Colleen Mendez,51,Seychelles,148,Blonde
461,Michelle Buster,23,Trinidad_And_Tobago,159,White
462,Carlos Chavez,84,Portugal,196,Ginger
463,Jonathan Branch,86,Haiti,184,Black
464,Debra Pavlosky,59,St_Vincent/Grenadines,187,White
465,Geraldine Relf,51,Ghana,176,Black
466,Tiffany Dewey,79,Luxembourg,178,Brown
467,Donald Blackwell,70,Bosnia_And_Herzegowina,154,Ginger
468,Virginia Glass,53,Brunei_Darussalam,157,Black
469,Brian Wilson,67,Zambia,185,Blonde
470,Terry Cleveland,79,Eritrea,142,Blonde
471,Roger Robbins,28,Iran,146,White
472,Katherine Garcia,23,Malta,182,Dyed
473,Carolyn Schmidt,79,Yemen,185,Black
474,Roy Bailey,85,Fiji,189,Brown
475,Jennifer Phillips,40,Cambodia,164,Black
476,Charlotte Sandoval,66,Dominican_Republic,163,Blonde
477,Carolyn Garcia,26,Somalia,168,Ginger
478,Eden Clarke,24,Germany,196,White
479,Victoria Humphery,26,Central_African_Rep,197,White
480,Bradly Campbell,75,Burkina_Faso,180,Black
481,Charles Howard,21,Algeria,148,Blonde
482,Chastity Farlow,74,Congo,141,White
483,Alfonzo Small,18,Haiti,165,Brown
484,Rafael Watson,33,Iran,192,Blonde
485,Jennifer Angert,81,Nepal,168,Black
486,Erin Pilon,40,Netherlands_Antilles,161,Blonde
487,Debra West,30,Antarctica,181,White
488,Richard Evans,61,Ghana,193,White
489,Daniel Jong,70,Suriname,186,Black
490,Danial Tadych,79,Sweden,146,Black
491,Tanya Flores,73,Bangladesh,154,Ginger
492,Stephen Baker,58,Bosnia_And_Herzegowina,192,Ginger
493,Linda Anderson,22,Niue,189,Dyed
494,Jackie Martens,41,Moldova,164,Brown
495,Rolando Ludwig,62,Netherlands_Antilles,163,Black
496,Hilda Byars,71,Falkland_Islands_(Malvinas),189,Brown
497,Christian Hogan,80,Iran,169,Blonde
498,Theodore Richardson,83,Estonia,162,Blonde
499,Joseph Lachance,69,Falkland_Islands_(Malvinas),186,Brown
500,Kimberly Barber,81,Azerbaijan,145,Black
501,Vicki Rohde,80,Tonga,169,Black
502,James Dain,24,Oman,191,Black
503,Eric Garcia,36,Kyrgyzstan,169,Black
504,Ashley Summers,51,Cayman_Islands,173,Brown
505,Alice Fridley,67,Sweden,167,White
506,Pam Tauscher,42,Greenland,168,Black
507,Willie Turnipseed,50,Barbados,163,Dyed
508,Claudine Shepard,59,Russian_Federation,158,Black
509,Thomas Hatcher,53,Hong_Kong,164,Black
510,Joel Riester,61,Luxembourg,188,Black
511,Nellie Kelly,31,Malta,142,Black
512,Harvey Valot,59,Israel,165,Black
513,Jack Bork,71,Slovenia,192,Black
514,George Jordan,46,Trinidad_And_Tobago,156,Ginger
515,Martin Hayes,43,French_S._Territories,184,Black
516,Judy Anderson,52,Chad,157,Brown
517,Halley Ryan,65,Marshall_Islands,166,White
518,Gerald Taggert,55,Slovenia,152,Black
519,Betty Gardner,46,Turkmenistan,169,White
520,Vincent Martinez,56,Ethiopia,183,Black
521,Todd Kerley,71,St_Vincent/Grenadines,173,Dyed
522,Henry Mcleod,55,Switzerland,147,White
523,Jeremy Trotter,79,Uzbekistan,166,Brown
524,George Beebe,80,Zambia,171,Black
525,Ann Owens,34,China,147,Ginger
526,William Phillips,18,Kuwait,155,Black
527,Steve Holden,78,Trinidad_And_Tobago,149,Black
528,Matthew Soders,27,Mozambique,198,Black
529,Eugene Esser,22,Martinique,191,Black
530,Glenn Richardson,32,Bahrain,183,White
531,Alice Penland,61,Korea_(South),181,Brown
532,Abraham Jensen,35,Eritrea,161,Black
533,Jessica Bryant,49,Tanzania,141,Black
534,Clark Rivera,47,Dominica,193,Brown
535,Ashley Peters,85,Sri_Lanka,166,Brown
536,Frank Hicks,46,French_S._Territories,168,White
537,Beatrice Holman,86,Yugoslavia,189,Brown
538,Peter Paradis,18,Belarus,179,Black
539,Jerome Lawyer,82,Ukraine,166,Blonde
540,Tammy Walker,49,Cote_D`ivoire,155,Black
541,Delia Rash,29,Namibia,163,Ginger
542,Sonia Ahart,70,Eritrea,158,Ginger
543,Xavier Stinnett,74,Belarus,164,White
544,Jayne Cunningham,26,Colombia,144,White
545,Victor Kingery,38,Colombia,180,Black
546,Rose Adams,56,French_S._Territories,145,Black
547,Libby Hennessy,30,Netherlands_Antilles,157,Dyed
548,Brad Frederick,67,Jordan,181,Dyed
549,Gloria Madrid,49,Vanuatu,180,Dyed
550,Sean Delgado,54,Myanmar,194,Ginger
551,Valerie Larson,52,Tuvalu,196,White
552,Carol Green,76,Gabon,169,White
553,Kenneth Watters,83,Colombia,146,White
554,Robert Holland,27,Vatican_City_State,174,Ginger
555,Betty Burgener,65,Sierra_Leone,150,White
556,Lillie Krause,23,Viet_Nam,198,Black
557,Susan Cork,72,Jordan,167,Blonde
558,Thomas Hanna,63,Vatican_City_State,196,Black
559,Jessica Wolf,81,Bouvet_Island,200,White
560,Bryon Savage,64,Burkina_Faso,160,Blonde
561,Ken Bitter,26,San_Marino,160,Ginger
562,Shanta Gilliard,40,Hungary,157,Black
563,Gloria Larkins,39,Guadeloupe,180,Black
564,David Higgins,77,Sao_Tome,187,Black
565,Miguel Rosel,65,Cocos_Islands,179,White
566,Sean Garza,70,Ghana,159,Blonde
567,Tanisha Cantella,65,Tonga,157,White
568,Miguel Drake,85,Bosnia_And_Herzegowina,187,Blonde
569,George Romero,61,St.Pierre,185,Blonde
570,Robert Mincey,50,St_Vincent/Grenadines,182,White
571,Roseanne Batiste,85,Panama,199,Black
572,Jules Vasmadjides,30,French_Guiana,171,Ginger
573,Ben Sayavong,45,Mauritania,154,Blonde
574,Cecelia Neilan,23,Sudan,182,Ginger
575,William Sloan,33,Pitcairn,190,Brown
576,Pamela Luna,61,Equatorial_Guinea,175,White
577,Joe Garrett,36,Luxembourg,144,Black
578,Walter Rector,32,Sierra_Leone,145,Ginger
579,Robin Fritz,57,Central_African_Rep,188,Brown
580,Frederick Anderson,87,Mozambique,173,Brown
581,Danny Marlow,50,Zaire,183,Blonde
582,Irene Lavergne,54,Sudan,170,Brown
583,Shawn Vanhorn,28,Reunion,199,Brown
584,Stacy Poppel,21,Suriname,145,Brown
585,Norman Matlock,34,Kiribati,147,Blonde
586,Gwyneth Sherman,42,Slovakia,169,Ginger
587,Estella Blackard,31,Sudan,188,White
588,Michelle Turner,25,Saudi_Arabia,162,Black
589,Carolin Taylor,82,United_Kingdom,160,Blonde
590,Ralph Flanigan,38,East_Timor,154,Blonde
591,James Morton,20,Zambia,183,Black
592,Philip Peoples,64,Lebanon,182,White
593,Benjamin Carey,49,Greenland,168,Black
594,Robert Brunson,33,Cape_Verde,141,Black
595,Roger Perry,64,Iraq,145,Black
596,David White,35,Ethiopia,180,Black
597,Jon Gebert,41,Luxembourg,172,Black
598,Johnny Wilson,56,Djibouti,164,Ginger
599,Margret Grunau,53,Korea_(North),182,White
600,Kimberly Schmidt,77,Netherlands_Antilles,165,Blonde
601,Gary Mckinney,51,Bhutan,166,Black
602,Juanita Moore,34,Iran,148,White
603,Kelly Farley,55,Nauru,160,Ginger
604,Leisa Demeo,80,Tajikistan,151,White
605,Maryann Allen,47,Iraq,177,White
606,Lawrence Farrell,75,Zambia,140,Black
607,Violet Baker,50,Iran,147,Black
608,Jonathan Garrett,25,Czech_Republic,168,Brown
609,Ignacio Wilson,36,Korea_(South),171,Brown
610,Carmen Lee,39,Austria,198,Blonde
611,Carole Crawford,76,Saint_Kitts_And_Nevis,165,Ginger
612,Mike Jones,50,Uganda,184,Black
613,Aaron Martinez,72,Guam,189,Black
614,Margaret Carr,54,Costa_Rica,176,Black
615,Jeffrey Wiley,75,Ireland,141,Blonde
616,Christopher Moultry,82,Honduras,152,Black
617,Michael Lopez,23,Comoros,150,Blonde
618,Tabitha Hiner,19,Laos,184,Blonde
619,Kathryn Wilson,71,Mexico,182,Dyed
620,Jean Johns,82,Netherlands_Antilles,167,Blonde
621,Brendon Sabino,71,Kuwait,175,White
622,Michael Manalili,72,Morocco,158,Black
623,Robert Letellier,52,Cayman_Islands,142,Black
624,Michael Brucker,47,Libya,170,Black
625,Timothy Busi,30,Netherlands,158,Black
626,Patricia Ross,68,Libya,183,Blonde
627,Susan Barnard,36,Northern_Mariana_Islands,160,Black
628,Gertrude Obrien,55,Tokelau,146,Blonde
629,Raymond Hinaman,48,Saudi_Arabia,179,Ginger
630,Claudia Kieffer,77,Nicaragua,168,Blonde
631,William Rice,65,United_States,179,White
632,Colleen Clothier,81,Maldives,186,White
633,Tova Bartlett,24,Greenland,190,White
634,Angela Anthony,56,Spain,177,White
635,Johnathan Ojeda,37,South_Africa,193,Ginger
636,Harold Carr,23,Rwanda,179,Ginger
637,Annie Matz,50,Cayman_Islands,197,Brown
638,Andrew Butler,21,New_Caledonia,153,Black
639,Juan Houston,81,St._Helena,196,Blonde
640,Charles Belka,26,New_Caledonia,183,Blonde
641,Virginia Fennell,70,Georgia,146,White
642,Sherry Weber,29,Martinique,145,Brown
643,Fredric Diberardino,34,Congo,182,Blonde
644,Maria Grambo,24,Korea_(South),172,Black
645,Hattie Tobias,85,Syrian_Arab_Republic,156,White
646,Robert Robinson,56,Samoa,162,Black
647,Dennis Gorski,70,Jordan,150,Brown
648,Aaron Prater,26,Korea_(North),157,Black
649,Fabian France,58,El_Salvador,156,Blonde
650,Samuel Mallin,29,Portugal,180,Blonde
651,Laura Sites,47,Lithuania,189,Black
652,Allen Dalton,51,Equatorial_Guinea,171,Black
653,Justin Brown,86,El_Salvador,194,White
654,Larry Tilton,39,Bahamas,199,Brown
655,Brett Sutton,48,Cameroon,140,Brown
656,Patricia Lay,18,Senegal,184,Blonde
657,Brian Engle,35,France,142,Black
658,Edith Stovall,36,Grenada,186,Brown
659,Timothy Klein,41,Haiti,160,Brown
660,Roy Skow,71,Qatar,147,Ginger
661,Ann Stanley,23,Uzbekistan,155,Black
662,Gabriel Glosson,44,Ethiopia,200,White
663,Roger Smith,68,Sudan,181,Black
664,Jennifer Thornton,25,Maldives,163,Blonde
665,James Gonzalez,25,St._Helena,145,White
666,Gerald Gordon,55,Saudi_Arabia,162,Black
667,Pauline Spaniel,38,Madagascar,144,Blonde
668,Stephen Trevino,23,Comoros,200,Black
669,George Bogle,76,Indonesia,194,Blonde
670,Wayne Cabrera,34,Cote_D`ivoire,191,White
671,Bryan Leslie,39,Iraq,178,Brown
672,Harold Restrepo,38,Mauritius,155,Brown
673,Michael Colvin,65,Luxembourg,153,Brown
674,Joseph Pugh,65,Fiji,197,White
675,Rochelle Clark,77,Guam,148,White
676,Johnnie Beatty,34,Ecuador,161,Black
677,Robert Phillips,23,Guyana,144,Brown
678,Cheri Reda,37,Germany,176,Black
679,Laura Prickett,35,Morocco,155,Blonde
680,Barbara Smith,79,Chile,165,Blonde
681,Melissa Rich,52,Nauru,190,Black
682,Dennis Smith,85,Egypt,184,Black
683,Marisol Harper,47,New_Caledonia,191,Brown
684,Jean Smith,73,Burkina_Faso,150,White
685,David Oconnor,53,Panama,190,Brown
686,Jacqueline Stell,38,Tanzania,147,Dyed
687,Kathy Helms,48,Macedonia,146,Brown
688,James Garza,82,Chad,163,Ginger
689,Jean Studer,19,Marshall_Islands,168,Blonde
690,Robert Roderick,83,Romania,180,Black
691,Robert Temple,87,Ireland,174,Blonde
692,William Maynard,33,Norway,178,Black
693,Mary Gomez,43,Vatican_City_State,190,Brown
694,Kerry Vaught,58,Saint_Lucia,162,Dyed
695,Brandon Whittingham,31,China,193,White
696,Grace Holland,30,Estonia,200,Blonde
697,Krystal Johnston,82,Mexico,165,Dyed
698,Casey Gunter,37,Malaysia,142,Brown
699,Nicole Sallas,49,Anguilla,169,Blonde
700,Margaret Church,36,Senegal,169,Ginger
701,Dylan Hamby,70,Costa_Rica,148,Blonde
702,Dorothy Johnson,23,India,173,White
703,Peter Mann,78,Colombia,176,Blonde
704,Suzanne Mackay,71,Lebanon,144,Blonde
705,Clarence Dehart,39,Romania,149,Black
706,Florence Riffle,68,Cameroon,157,Blonde
707,Jeffrey Freeman,78,Israel,166,Dyed
708,Nicolas Wolters,26,Liberia,185,Blonde
709,Cary White,26,Hungary,182,Blonde
710,Mary Gardner,74,Singapore,172,Ginger
711,Imogene Haugh,66,Dominica,151,Black
712,Johnny Barrow,64,Falkland_Islands_(Malvinas),168,Blonde
713,Jermaine Cork,65,Taiwan,195,Black
714,Robert Gilbert,73,Nicaragua,152,Blonde
715,Reggie Henderson,29,Zimbabwe,185,Blonde
716,Desiree Hill,69,French_Polynesia,146,Ginger
717,Robert Russell,66,French_S._Territories,143,Black
718,Richard Cunningham,59,Antarctica,189,Brown
719,Joseph Hill,69,Poland,174,Blonde
720,Peter Mallory,65,Qatar,193,Dyed
721,Glenda Prestridge,34,Spain,164,Blonde
722,Rachel Rogers,55,Algeria,177,Blonde
723,Yolanda Springer,51,Haiti,144,Blonde
724,Margret Winters,41,Bangladesh,147,Blonde
725,Kevin Rutledge,70,Korea_(North),145,Brown
726,Stephanie Pressley,73,Sweden,157,Blonde
727,Linda King,47,Kenya,143,Blonde
728,Joan Hales,78,Tonga,145,Blonde
729,David Reigstad,18,Singapore,159,Blonde
730,Ignacio Willis,75,Macau,144,Black
731,Steven Davis,21,American_Samoa,152,Brown
732,David Robey,33,Libya,192,Dyed
733,Sheila Ramos,28,Botswana,198,Dyed
734,Virginia White,72,Iceland,184,White
735,Amber Conteh,20,Ukraine,166,Brown
736,Sandra Watkins,36,Fiji,160,Blonde
737,Lena Brown,56,Mayotte,152,Black
738,Larry Krumholz,27,Yugoslavia,183,Blonde
739,Dona Hatfield,69,East_Timor,190,Brown
740,Velma Queen,28,Bahamas,156,Blonde
741,Nichole Jordan,24,Rwanda,163,Black
742,Cindy Johnson,56,Paraguay,172,Black
743,Vanessa Shaw,45,Costa_Rica,152,Brown
744,Ruth Little,38,Nauru,196,White
745,Melissa Withers,45,Egypt,144,Brown
746,Patrice Taylor,55,Switzerland,164,White
747,Sanford Ochoa,64,Barbados,190,Black
748,Brenda Rodriguez,40,French_Guiana,182,Brown
749,Clyde Moore,61,Guinea,150,Ginger
750,Susan Cramer,63,Anguilla,192,Blonde
751,Donna Salimi,69,Pitcairn,146,Brown
752,Brian Cox,86,Rwanda,148,White
753,Martha Burns,18,Bahrain,180,Black
754,Daniel Meraz,86,Anguilla,148,Blonde
755,Anna Sanchez,39,St_Vincent/Grenadines,197,Brown
756,Wayne Carter,53,Mauritius,182,Blonde
757,Kimberly Chatfield,35,Denmark,154,Dyed
758,Donald Calderon,73,Bhutan,189,White
759,Brandi Mccracken,87,Solomon_Islands,169,Black
760,Brendan Fontaine,59,India,153,White
761,Jonathan Werner,23,Maldives,149,Ginger
762,Salvador Guidry,65,Greenland,152,Brown
763,Alan Dameron,20,Costa_Rica,158,White
764,Antonietta Roberson,25,Liechtenstein,167,White
765,Jeffrey Blue,86,Niue,151,White
766,Jennie Crowder,26,Tokelau,168,Black
767,Nancy Saavedra,68,Switzerland,191,White
768,Marion Brazill,48,Pitcairn,199,White
769,Tracy Avery,21,Central_African_Rep,182,Black
770,Sandra Juarez,30,Antarctica,191,Black
771,Thomas Hill,37,Pakistan,184,White
772,David Bonilla,40,Mexico,198,White
773,Madeline Green,31,Switzerland,174,White
774,Corliss Jenkins,49,Uzbekistan,182,Brown
775,Mildred Glenn,51,Nepal,153,White
776,Ronald Wengerd,49,Chile,193,Brown
777,Dennis Aaron,18,Zambia,176,Black
778,Veronica Rhodes Coppern Braiz,20,Israel,165,White
779,Elizabeth Adams,77,Azerbaijan,197,Blonde
780,Joyce Stcyr,57,Peru,186,Ginger
781,Mathew Chun,76,Indonesia,196,Black
782,Jennifer Castle,74,American_Samoa,172,White
783,Mary Duncan,69,Uzbekistan,200,Black
784,Jim Chavez,42,Barbados,189,Black
785,Jenine Rudnick,57,Canada,186,Brown
786,Marvin Smith,29,Lebanon,167,Blonde
787,Deborah Anyan,27,Morocco,165,Brown
788,Elizabeth Collins,84,Gambia,164,Blonde
789,Lorrie Nestor,81,Cocos_Islands,154,Ginger
790,Brenda Sanderlin,64,Djibouti,152,Brown
791,Noemi Bressler,63,Trinidad_And_Tobago,159,Blonde
792,Eileen Ellis,27,Jordan,144,White
793,Henry Siebenaler,47,Palau,177,Black
794,Robert Hine,39,Christmas_Island,173,Ginger
795,Janet Roy,84,Libya,168,Ginger
796,Juanita Johson,78,Nigeria,183,Blonde
797,Gary White,62,United_Kingdom,183,White
798,Jessica Finney,66,French_Polynesia,166,Brown
799,Christen Whilden,54,Panama,149,Dyed
800,Jewell Baker,27,Portugal,176,Black
801,Sabrina Gomes,81,Korea_(South),166,Dyed
802,Kathleen Pryor,77,Switzerland,156,Ginger
803,Ryan Hall,63,Ethiopia,139,Blonde
804,Johnnie Eure,67,Greece,146,Black
805,Rudolph Brown,79,Swaziland,168,Brown
806,Carol Clark,70,Botswana,152,Blonde
807,William Cleckner,22,Slovakia,175,Blonde
808,Steven Edes,82,Finland,168,White
809,Robert Sommers,59,Hong_Kong,190,White
810,Ruth Ngo,70,China,197,White
811,James Molina,66,Guinea-bissau,161,Black
812,Daniel Stachura,22,Sri_Lanka,142,Ginger
813,Heather Williams,28,Liechtenstein,164,White
814,James Perez,54,Sierra_Leone,200,Brown
815,Brian Lewis,75,Papua_New_Guinea,199,Black
816,Helen Shaffer,71,United_States,178,White
817,William Dense,57,East_Timor,164,Blonde
818,Kathleen Hernandez,83,Gambia,147,Blonde
819,Carmela Szerszen,28,Equatorial_Guinea,154,Black
820,William Evans,63,China,193,White
821,Judy Honn,79,Lesotho,142,Black
822,Mary Schmidt,85,Peru,157,Black
823,Kristen Morris,49,South_Africa,142,Dyed
824,Gloria Barocio,46,St.Pierre,154,Black
825,Jeanie Smith,53,Lithuania,180,Black
826,Harry Goodwin,44,Namibia,147,White
827,Michael Stringfield,18,Vanuatu,154,White
828,Ima Mertz,66,Turkey,174,Brown
829,Sonia Mckenzie,80,Suriname,186,Blonde
830,Fabian Delagarza,82,France,187,Black
831,John Harrell,83,Angola,188,Blonde
832,Carole Lilley,58,Martinique,165,Blonde
833,Carolyn Jackson,75,Palau,194,Brown
834,Jessica Anderson,76,Tajikistan,152,Dyed
835,Donald Thomas,18,Brunei_Darussalam,193,Blonde
836,James Gross,50,Mauritania,188,Blonde
837,John Williams,48,Anguilla,160,Dyed
838,Andrew James,58,Papua_New_Guinea,183,Black
839,Michael Scott,71,French_S._Territories,193,White
840,Terrence Muldoon,82,Pitcairn,160,Blonde
841,Todd Haralson,67,Ireland,178,White
842,Donald Simmons,21,Tanzania,195,Black
843,Carlos Ashby,22,Macau,176,Brown
844,George Marrero,34,Australia,140,Dyed
845,Edward Hussey,18,Virgin_Islands_(British),184,Blonde
846,John Young,69,San_Marino,184,Ginger
847,Antoinette Odom,36,Lesotho,154,Ginger
848,Natalie Gates,62,Senegal,193,Dyed
849,Kevin Tran,23,Nicaragua,157,White
850,Laura Hammond,37,Mexico,141,Brown
851,Valerie Burns,47,Central_African_Rep,179,Blonde
852,Vivian Sharp,55,Myanmar,192,Black
853,Francis Woodard,56,Tanzania,190,Ginger
854,Christopher Brandt,19,Norfolk_Island,170,White
855,Tony Stewart,18,Poland,193,Brown
856,Karen Hartwig,60,Russian_Federation,176,Ginger
857,Rebecca Bliven,23,Gambia,184,Dyed
858,Rosalie Bostic,29,Norfolk_Island,192,Black
859,Marie Baylon,41,Tanzania,141,White
860,Gerald Henson,45,Liberia,199,White
861,Richard Bolger,63,Liechtenstein,184,Dyed
862,Phillip Joesph,70,Burundi,180,Black
863,Anthony Vo,53,Jordan,150,Blonde
864,Joyce Brown,35,Ghana,180,White
865,Lucille Phoenix,26,Papua_New_Guinea,157,Black
866,Carl Green,24,Monaco,195,Brown
867,Christina Culver,79,Brunei_Darussalam,142,Blonde
868,John Wilson,47,Guyana,172,Brown
869,Judy Karr,85,Indonesia,166,Dyed
870,Darlene Irvin,59,Kazakhstan,140,White
871,Loretta Billingsley,35,Malaysia,150,Dyed
872,Eva Carter,87,Anguilla,151,White
873,Henry Folse,42,Bosnia_And_Herzegowina,155,Blonde
874,Ray Bell,20,New_Zealand,143,Brown
875,Sandra Thomas,80,St._Helena,196,Blonde
876,Earl Mclean,80,Singapore,197,Dyed
877,Stephanie Wilder,55,Nigeria,157,Black
878,Brendon Lynch,72,Algeria,167,Dyed
879,Timothy Lawson,21,Saint_Lucia,160,Dyed
880,Michelle Kirkwood,76,Bosnia_And_Herzegowina,155,Brown
881,Juan Hoffman,58,Virgin_Islands_(U.S.),175,Black
882,John Cheatham,49,Hungary,140,Black
883,Mathew Waterbury,21,Cuba,193,Black
884,Emma Bowie,76,Burundi,194,Blonde
885,Patricia Schupp,47,Bahamas,166,Blonde
886,Randy Polzin,19,Sudan,149,Brown
887,James Lieu,22,Japan,164,Black
888,Mary Stolz,69,Singapore,180,White
889,Pat Tibbs,45,El_Salvador,158,Black
890,William Montgomery,60,Palau,160,Blonde
891,Leslie Hallford,36,Uganda,156,Brown
892,David Mcfadden,43,Cyprus,170,Black
893,James Moore,27,French_Guiana,174,Black
894,Kandy Newport,76,Niue,157,White
895,Carli Welsh,34,East_Timor,187,Black
896,Richard Harris,38,Italy,166,Dyed
897,Charles Roberts,70,Costa_Rica,172,Black
898,Ariel Frankenfield,83,Vatican_City_State,165,Ginger
899,Arthur Hill,63,Lesotho,146,Brown
900,Elmer Fan,48,Norway,159,Black
901,Patrick Lashbrook,34,United_States,144,Dyed
902,Isidro Merrill,70,Liberia,159,Black
903,Robert Delvalle,27,Trinidad_And_Tobago,182,Black
904,Charles Orcutt,34,Puerto_Rico,199,Dyed
905,Lucille Nestor,61,Syrian_Arab_Republic,191,Ginger
906,Daniel Emmons,51,Costa_Rica,148,Black
907,Francisca Guarnieri,26,Vatican_City_State,167,Black
908,Jerry Landers,84,Turkmenistan,163,Black
909,Jen Walsh,29,Fiji,153,Blonde
910,Antoine Sharpe,62,Cote_D`ivoire,193,Black
911,Zachary Springer,39,Antigua_And_Barbuda,184,Black
912,Jessica Lewis,42,Italy,195,Blonde
913,Shirley Miller,66,United_States,140,Brown
914,James Mcgowin,83,Colombia,188,Black
915,Lena Schrader,31,Zaire,156,Brown
916,Lenora Schmidt,78,Uganda,175,Dyed
917,John Campbell,74,Taiwan,179,White
918,John Hedin,64,Armenia,164,Ginger
919,Miriam Gibson,52,Kazakhstan,147,Black
920,Thaddeus Haine,55,Cocos_Islands,163,Dyed
921,Barbara Conzemius,54,Bangladesh,148,Dyed
922,John Scarnati,87,Croatia,195,Black
923,Clifford Richardson,32,Jamaica,199,Black
924,Jennifer Butcher,22,Chad,185,Dyed
925,Penny Pettit,24,Spain,178,White
926,Nancy Frye,87,Kuwait,147,Black
927,Elaine Betz,39,Micronesia,157,Brown
928,Manuel Owens,75,Lesotho,162,Black
929,Michael Hansen,43,Qatar,153,Brown
930,Heather Paquette,73,Faroe_Islands,165,Brown
931,Dana Hooten,64,Gambia,156,Ginger
932,Thomas Janus,70,Poland,172,Blonde
933,Tony Nielsen,25,Palau,200,Black
934,Brian Piacente,27,Cook_Islands,179,Blonde
935,Jack Beyer,55,Guyana,143,Black
936,Thomas Collard,71,Paraguay,186,Black
937,Jon Wheeler,67,Virgin_Islands_(U.S.),144,Blonde
938,Peter Emling,67,Greece,149,Ginger
939,Wilfred Meier,65,Turkey,182,Black
940,Valerie King,20,Bosnia_And_Herzegowina,166,Black
941,James Bryant,37,Slovakia,185,Black
942,William Sumpter,61,Dominican_Republic,157,Blonde
943,Jessica Conner,62,Madagascar,179,Blonde
944,Thomas Dunbar,41,Botswana,152,Brown
945,Joe Reyes,50,Lithuania,162,Black
946,Rafael Bouska,32,Finland,160,White
947,Francis Wood,28,Egypt,159,Brown
948,Adrian Caple,23,Panama,177,Blonde
949,Pam Hyatt,37,Saint_Lucia,195,White
950,Wendy Sanders,31,Chad,168,Blonde
951,Bessie Vincent,76,French_Guiana,161,White
952,Curt Stout,29,Comoros,192,Blonde
953,David Johnson,18,Guatemala,193,Brown
954,Linda Tutor,45,Mongolia,183,Blonde
955,Kristy Abramson,61,Somalia,173,Black
956,Aaron Cooper,57,Panama,179,Black
957,Ross Pineda,56,Antarctica,160,Black
958,Frank Eggimann,67,Belize,155,Brown
959,Charlotte Ford,69,Nicaragua,190,Blonde
960,Kandi Bauer,53,Luxembourg,163,Black
961,Joella Sosa,56,Nepal,186,Dyed
962,Jennifer Baca,87,Christmas_Island,163,Brown
963,Dana Mattingly,51,El_Salvador,172,Dyed
964,Susan Mueller,29,Brunei_Darussalam,176,Black
965,Billy Botts,32,Montserrat,198,Black
966,Arthur Raper,63,Togo,146,Black
967,Fredrick Jones,30,Croatia,144,Blonde
968,Viola Morgan,55,Dominican_Republic,159,Brown
969,Sharon Chapa,29,China,167,Black
970,Stephen Rahmani,74,Bhutan,167,Blonde
971,Carl Applegate,58,Burundi,141,Ginger
972,Orlando Hudson,35,Niger,161,Brown
973,James Cantu,47,Singapore,149,Black
974,Margaret Scholes,77,Lesotho,160,Dyed
975,Dustin Ward,37,San_Marino,191,Black
976,Nadine Weston,25,American_Samoa,188,Black
977,Vernon Malone,74,Bulgaria,187,White
978,Christine Beaulieu,81,Antarctica,170,White
979,Maria Garcia,57,Ethiopia,146,Black
980,Rosie Potts,42,American_Samoa,186,Blonde
981,Bryan Lee,59,Ireland,178,Blonde
982,Norman Wright,31,Marshall_Islands,196,White
983,Pauline Mayhew,25,Iran,199,Brown
984,Larry Reid,32,Cameroon,156,Black
985,Rosie Powell,87,Korea_(South),140,Dyed
986,Ann Opie,45,Netherlands_Antilles,177,Dyed
987,Edward Holloway,70,Cook_Islands,175,Dyed
988,Thelma Crawford,64,Botswana,192,Black
989,Lorena Whitney,66,Martinique,193,Brown
990,Charles Pogozelski,20,Argentina,154,Black
991,Carletta Mobley,72,Ghana,198,Blonde
992,Tommy Remick,80,Hong_Kong,179,Brown
993,Frederick Mcneal,46,United_Arab_Emirates,144,Black
994,Austin Mcdonald,65,Brunei_Darussalam,198,White
995,Mirna Boyle,60,Korea_(South),200,Blonde
996,Patricia Talley,39,Hong_Kong,196,Black
997,Chad Stuart,55,Bosnia_And_Herzegowina,174,Blonde
998,Kenneth Hoffman,45,South_Africa,187,White
